{
  "extends": ["tslint:recommended", "tslint-react", "tslint-config-prettier"],
  "tslint.autoFixOnSave": true,
  "linterOptions": {
    "exclude": ["config/**/*.js", "node_modules/**/*.ts"]
  },
  "rules": {
    "quotemark": [true, "single", "avoid-escape", "avoid-template", "jsx-double"],
    "jsx-boolean-value": false,
    "jsx-no-lambda": false,
    "jsx-no-multiline-js": false,
    "object-literal-sort-keys": false,
    "member-ordering": false,
    "no-console": false,
    "ordered-imports": false,
    "comment-format": false
  }
}
